[

    [
        {
            "id": 1,
            "title": "transaction 1",
            "Description": "Its firts trnasction id 1"
        },
        {
            "id": 3,
            "title": "transaction 3",
            "Description": "Its firts trnasction id 3"
        },
        {
            "id": 2,
            "title": "transaction 2",
            "Description": "Its firts trnasction id 2"
        }
    ],
   
    [
        {
            "id": 1,
            "title": "transaction 1",
            "Description": "Its firts trnasction id 1"
        },
        {
            "id": 3,
            "title": "transaction 3",
            "Description": "Its firts trnasction id 3"
        },
        {
            "id": 2,
            "title": "transaction 2",
            "Description": "Its firts trnasction id 2"
        }
    ],
    [
        {
            "id": 3,
            "title": "transaction 3",
            "Description": "Its firts trnasction id 3"
        },
        {
            "id": 4,
            "title": "transaction 4",
            "Description": "Its firts trnasction id 4"
        },
        {
            "id": 5,
            "title": "transaction 5",
            "Description": "Its firts trnasction id 5"
        }
    ]
]